{
	"credit": "Designed by Wiiv with Cubik Studio - https://cubik.studio",
	"parent": "block/block",
	"textures": {
		"particle": "pipe_structure",
		"texture": "quark:block/pipe_structure"
	},
	"elements": [
		{
			"from": [5, 8, 5],
			"to": [11, 16, 5],
			"faces": {
				"north": {"uv": [5, 8, 11, 16], "texture": "#texture"},
				"east": {"uv": [5, 8, 11, 16], "texture": "#texture"},
				"south": {"uv": [5, 8, 11, 16], "texture": "#texture"},
				"west": {"uv": [5, 8, 11, 16], "texture": "#texture"},
				"up": {"uv": [5, 8, 11, 16], "texture": "#texture"},
				"down": {"uv": [5, 8, 11, 16], "texture": "#texture"}
			}
		},
		{
			"from": [5, 16, 5],
			"to": [11, 16, 8],
			"faces": {
				"north": {"uv": [5, 12, 11, 15], "texture": "#texture"},
				"east": {"uv": [5, 12, 11, 15], "texture": "#texture"},
				"south": {"uv": [5, 12, 11, 15], "texture": "#texture"},
				"west": {"uv": [5, 12, 11, 15], "texture": "#texture"},
				"up": {"uv": [5, 12, 11, 15], "texture": "#texture"},
				"down": {"uv": [5, 1, 11, 4], "texture": "#texture"}
			}
		},
		{
			"from": [5, 16, 8],
			"to": [11, 16, 11],
			"faces": {
				"north": {"uv": [5, 1, 11, 4], "texture": "#texture"},
				"east": {"uv": [5, 1, 11, 4], "texture": "#texture"},
				"south": {"uv": [5, 1, 11, 4], "texture": "#texture"},
				"west": {"uv": [5, 1, 11, 4], "texture": "#texture"},
				"up": {"uv": [5, 1, 11, 4], "texture": "#texture"},
				"down": {"uv": [5, 12, 11, 15], "texture": "#texture"}
			}
		},
		{
			"from": [5, 0, 8],
			"to": [11, 0, 11],
			"faces": {
				"north": {"uv": [5, 1, 11, 4], "texture": "#texture"},
				"east": {"uv": [5, 1, 11, 4], "texture": "#texture"},
				"south": {"uv": [5, 1, 11, 4], "texture": "#texture"},
				"west": {"uv": [5, 1, 11, 4], "texture": "#texture"},
				"up": {"uv": [5, 1, 11, 4], "texture": "#texture"},
				"down": {"uv": [5, 12, 11, 15], "texture": "#texture"}
			}
		},
		{
			"from": [5, 0, 5],
			"to": [11, 0, 8],
			"faces": {
				"north": {"uv": [5, 12, 11, 15], "texture": "#texture"},
				"east": {"uv": [5, 12, 11, 15], "texture": "#texture"},
				"south": {"uv": [5, 12, 11, 15], "texture": "#texture"},
				"west": {"uv": [5, 12, 11, 15], "texture": "#texture"},
				"up": {"uv": [5, 12, 11, 15], "texture": "#texture"},
				"down": {"uv": [5, 1, 11, 4], "texture": "#texture"}
			}
		},
		{
			"from": [5, 8, 11],
			"to": [11, 16, 11],
			"faces": {
				"north": {"uv": [5, 8, 11, 16], "texture": "#texture"},
				"east": {"uv": [5, 8, 11, 16], "texture": "#texture"},
				"south": {"uv": [5, 8, 11, 16], "texture": "#texture"},
				"west": {"uv": [5, 8, 11, 16], "texture": "#texture"},
				"up": {"uv": [5, 8, 11, 16], "texture": "#texture"},
				"down": {"uv": [5, 8, 11, 16], "texture": "#texture"}
			}
		},
		{
			"from": [5, 8, 5],
			"to": [5, 16, 11],
			"faces": {
				"north": {"uv": [5, 8, 11, 16], "texture": "#texture"},
				"east": {"uv": [5, 8, 11, 16], "texture": "#texture"},
				"south": {"uv": [5, 8, 11, 16], "texture": "#texture"},
				"west": {"uv": [5, 8, 11, 16], "texture": "#texture"},
				"up": {"uv": [5, 8, 11, 16], "texture": "#texture"},
				"down": {"uv": [5, 8, 11, 16], "texture": "#texture"}
			}
		},
		{
			"from": [11, 8, 5],
			"to": [11, 16, 11],
			"faces": {
				"north": {"uv": [5, 8, 11, 16], "texture": "#texture"},
				"east": {"uv": [5, 8, 11, 16], "texture": "#texture"},
				"south": {"uv": [5, 8, 11, 16], "texture": "#texture"},
				"west": {"uv": [5, 8, 11, 16], "texture": "#texture"},
				"up": {"uv": [5, 8, 11, 16], "texture": "#texture"},
				"down": {"uv": [5, 8, 11, 16], "texture": "#texture"}
			}
		},
		{
			"from": [5, 0, 5],
			"to": [11, 8, 5],
			"faces": {
				"north": {"uv": [5, 0, 11, 8], "texture": "#texture"},
				"east": {"uv": [5, 0, 11, 8], "texture": "#texture"},
				"south": {"uv": [5, 0, 11, 8], "texture": "#texture"},
				"west": {"uv": [5, 0, 11, 8], "texture": "#texture"},
				"up": {"uv": [5, 0, 11, 8], "texture": "#texture"},
				"down": {"uv": [5, 0, 11, 8], "texture": "#texture"}
			}
		},
		{
			"from": [5, 0, 11],
			"to": [11, 8, 11],
			"faces": {
				"north": {"uv": [5, 0, 11, 8], "texture": "#texture"},
				"east": {"uv": [5, 0, 11, 8], "texture": "#texture"},
				"south": {"uv": [5, 0, 11, 8], "texture": "#texture"},
				"west": {"uv": [5, 0, 11, 8], "texture": "#texture"},
				"up": {"uv": [5, 0, 11, 8], "texture": "#texture"},
				"down": {"uv": [5, 0, 11, 8], "texture": "#texture"}
			}
		},
		{
			"from": [5, 0, 5],
			"to": [5, 8, 11],
			"faces": {
				"north": {"uv": [5, 0, 11, 8], "texture": "#texture"},
				"east": {"uv": [5, 0, 11, 8], "texture": "#texture"},
				"south": {"uv": [5, 0, 11, 8], "texture": "#texture"},
				"west": {"uv": [5, 0, 11, 8], "texture": "#texture"},
				"up": {"uv": [5, 0, 11, 8], "texture": "#texture"},
				"down": {"uv": [5, 0, 11, 8], "texture": "#texture"}
			}
		},
		{
			"from": [11, 0, 5],
			"to": [11, 8, 11],
			"faces": {
				"north": {"uv": [5, 0, 11, 8], "texture": "#texture"},
				"east": {"uv": [5, 0, 11, 8], "texture": "#texture"},
				"south": {"uv": [5, 0, 11, 8], "texture": "#texture"},
				"west": {"uv": [5, 0, 11, 8], "texture": "#texture"},
				"up": {"uv": [5, 0, 11, 8], "texture": "#texture"},
				"down": {"uv": [5, 0, 11, 8], "texture": "#texture"}
			}
		}
	]
}