{
  "type": "yungsapi:yung_jigsaw",
  "biomes": "#betteroceanmonuments:has_structure/better_ocean_monument",
  "step": "surface_structures",
  "start_pool": "betteroceanmonuments:starts",
  "start_jigsaw_name": "betteroceanmonuments:anchor",
  "size": 20,
  "start_height": {
    "type": "minecraft:uniform",
    "min_inclusive": {
      "absolute": 20
    },
    "max_inclusive": {
      "absolute": 35
    }
  },
  "use_expansion_hack": false,
  "max_distance_from_center": 80,
  "spawn_overrides": {
    "monster": {
      "bounding_box": "piece",
      "spawns": [
        {
          "type": "minecraft:guardian",
          "weight": 1,
          "minCount": 0,
          "maxCount": 0
        }
      ]
    }
  }
}