{
	"credit": "Designed by Wiiv with Cubik Studio - https://cubik.studio",
	"textures": {
		"particle": "quark:block/pipe_structure",
		"texture": "quark:block/pipe_structure"
	},
	"elements": [
		{
			"from": [5, 5, 0],
			"to": [11, 5, 5],
			"faces": {
				"up": {"uv": [5, 0, 11, 5], "texture": "#texture"},
				"down": {"uv": [5, 11, 11, 16], "texture": "#texture"}
			}
		},
		{
			"from": [5, 11, 0],
			"to": [11, 11, 5],
			"faces": {
				"up": {"uv": [5, 0, 11, 5], "texture": "#texture"},
				"down": {"uv": [5, 11, 11, 16], "texture": "#texture"}
			}
		},
		{
			"from": [5, 5, 0],
			"to": [5, 11, 5],
			"faces": {
				"east": {"uv": [11, 5, 16, 11], "texture": "#texture"},
				"west": {"uv": [0, 5, 5, 11], "texture": "#texture"}
			}
		},
		{
			"from": [11, 5, 0],
			"to": [11, 11, 5],
			"faces": {
				"east": {"uv": [11, 5, 16, 11], "texture": "#texture"},
				"west": {"uv": [0, 5, 5, 11], "texture": "#texture"}
			}
		}
	]
}