{
  "type": "create:mechanical_crafting",
 "pattern": [
        "CMB##",
        "cWW  "
    ],
    "key": {
        "#": {
            "item": "create:fluid_pipe"
        },
        "C": {
            "item": "create:smart_chute"
        },
        "M": {
            "item": "create:precision_mechanism"
        },
        "c": {
            "item": "create:brass_ingot"
        },
        "B": {
            "item": "minecraft:netherite_ingot"
        },
        "W": {
            "item": "create:andesite_alloy"
        }
    },
    "result": {
        "item": "cgm:bazooka",
        "count": 1
    } ,
  "acceptMirrored": true
}