{
  "type": "create:mechanical_crafting",
 "pattern": [
        "cCGG",
        "#pDc"
    ],
    "key": {
        "#": {
            "item": "create:andesite_alloy"
        },
        "C": {
            "item": "create:precision_mechanism"
        },
        "G": {
            "item": "create:fluid_pipe"
        },
        "c": {
            "item": "create:brass_ingot"
        },
        "D": {
            "item": "minecraft:netherite_scrap"
        },
        "p": {
            "item": "minecraft:polished_blackstone_button"
        }
    },
    "result": {
        "item": "cgm:rifle",
        "count": 1
    } ,
  "acceptMirrored": true
}