{
  "general": {
    "auto": true,
    "rate": 3,
    "gripType": "cgm:two_handed",
    "maxAmmo": 20,
    "reloadAmount": 5,
    "recoilAngle": 3.0,
    "recoilKick": 0.25,
    "spread": 4.0
  },
  "projectile": {
    "item": "cgm:basic_bullet",
    "damage": 4,
    "size": 1,
    "speed": 3,
    "life": 100
  },
  "sounds": {
    "fire": "cgm:item.assault_rifle.fire",
    "reload": "cgm:item.pistol.reload",
    "cock": "cgm:item.assault_rifle.cock",
    "silencedFire": "cgm:item.assault_rifle.silenced_fire",
    "enchantedFire": "cgm:item.assault_rifle.enchanted_fire"
  },
  "display": {
    "flash": {
      "yOffset": 3.6,
      "zOffset": -6.41
    }
  },
  "modules": {
    "zoom": {
      "yOffset": 5.2,
      "zOffset": 3.2,
      "fovModifier": 0.6
    },
    "attachments": {
      "scope": {
        "yOffset": 4.4,
        "zOffset": 4.0
      },
      "barrel": {
        "yOffset": 3.6,
        "zOffset": -5.9,
        "scale": 0.5
      },
      "stock": {
        "yOffset": 3.6,
        "zOffset": 8.2
      },
      "underBarrel": {
        "yOffset": 2.799,
        "zOffset": -1.0
      }
    }
  }
}