{
  "general": {
    "auto": true,
    "rate": 1,
    "gripType": "cgm:one_handed",
    "maxAmmo": 16,
    "reloadAmount": 4,
    "recoilAngle": 4.0,
    "recoilKick": 0.25,
    "recoilAdsReduction": 0.5,
    "alwaysSpread": true,
    "spread": 6.0
  },
  "projectile": {
    "item": "cgm:basic_bullet",
    "damage": 2,
    "size": 1,
    "speed": 2,
    "life": 100
  },
  "sounds": {
    "fire": "cgm:item.machine_pistol.fire",
    "reload": "cgm:item.pistol.reload",
    "cock": "cgm:item.rifle.cock",
    "silencedFire": "cgm:item.machine_pistol.silenced_fire",
    "enchantedFire": "cgm:item.machine_pistol.enchanted_fire"
  },
  "display": {
    "flash": {
      "yOffset": 3.5,
      "zOffset": 1.79,
      "size": 0.35
    }
  },
  "modules": {
    "zoom": {
      "yOffset": 4.8,
      "zOffset": -1.0,
      "fovModifier": 0.8
    },
    "attachments": {
      "scope": {
        "yOffset": 4.0,
        "zOffset": 5.5
      },
      "barrel": {
        "yOffset": 3.2,
        "zOffset": 2.2,
        "scale": 0.5
      },
      "stock": {
        "yOffset": 3.2,
        "zOffset": 8.2
      }
    }
  }
}