{
  "general": {
    "rate": 8,
    "gripType": "cgm:two_handed",
    "maxAmmo": 10,
    "reloadAmount": 2,
    "recoilAngle": 10.0,
    "recoilKick": 0.5,
    "recoilAdsReduction": 0.5,
    "alwaysSpread": true,
    "spread": 1.0
  },
  "projectile": {
    "item": "cgm:advanced_bullet",
    "damage": 8,
    "size": 1,
    "speed": 4,
    "life": 100
  },
  "sounds": {
    "fire": "cgm:item.rifle.fire",
    "reload": "cgm:item.pistol.reload",
    "cock": "cgm:item.rifle.cock",
    "silencedFire": "cgm:item.rifle.silenced_fire",
    "enchantedFire": "cgm:item.rifle.enchanted_fire"
  },
  "display": {
    "flash": {
      "yOffset": 3.8365,
      "zOffset": -10.21
    }
  },
  "modules": {
    "zoom": {
      "yOffset": 4.6223,
      "zOffset": 6.0,
      "fovModifier": 0.6
    },
    "attachments": {
      "scope": {
        "yOffset": 4.3,
        "zOffset": 3.3
      },
      "barrel": {
        "yOffset": 3.8365,
        "zOffset": -10.2,
        "scale": 0.44999998807907104
      },
      "stock": {
        "yOffset": 3.1294,
        "zOffset": 8.3
      },
      "underBarrel": {
        "yOffset": 2.63,
        "zOffset": -0.5
      }
    }
  }
}