{
  "general": {
    "rate": 8,
    "gripType": "cgm:two_handed",
    "maxAmmo": 8,
    "reloadAmount": 1,
    "recoilAngle": 10.0,
    "recoilKick": 0.5,
    "recoilAdsReduction": 0.4,
    "projectileAmount": 5,
    "alwaysSpread": true,
    "spread": 12.0
  },
  "projectile": {
    "item": "cgm:shell",
    "damage": 12,
    "size": 1.0,
    "speed": 2.5,
    "life": 100
  },
  "sounds": {
    "fire": "cgm:item.shotgun.fire",
    "reload": "cgm:item.pistol.reload",
    "cock": "cgm:item.shotgun.cock",
    "silencedFire": "cgm:item.shotgun.silenced_fire",
    "enchantedFire": "cgm:item.shotgun.enchanted_fire"
  },
  "display": {
    "flash": {
      "yOffset": 3.6505,
      "zOffset": -3.81
    }
  },
  "modules": {
    "zoom": {
      "yOffset": 5.1,
      "zOffset": 3.2,
      "fovModifier": 0.7
    },
    "attachments": {
      "scope": {
        "yOffset": 4.4,
        "zOffset": 4.0
      },
      "barrel": {
        "yOffset": 3.6506,
        "zOffset": -3.8,
        "scale": 0.5
      },
      "stock": {
        "yOffset": 3.6506,
        "zOffset": 8.4
      }
    }
  }
}